DROP TABLE IF EXISTS "auth_group";
CREATE TABLE "auth_group" ("id" integer NOT NULL PRIMARY KEY AUTOINCREMENT, "name" varchar(80) NOT NULL UNIQUE);
INSERT INTO "auth_group" VALUES(1,'Administrador');
INSERT INTO "auth_group" VALUES(2,'Instalador');
DROP TABLE IF EXISTS "auth_group_permissions";
CREATE TABLE "auth_group_permissions" ("id" integer NOT NULL PRIMARY KEY AUTOINCREMENT, "group_id" integer NOT NULL REFERENCES "auth_group" ("id"), "permission_id" integer NOT NULL REFERENCES "auth_permission" ("id"));
INSERT INTO "auth_group_permissions" VALUES(1,1,1);
INSERT INTO "auth_group_permissions" VALUES(2,1,2);
INSERT INTO "auth_group_permissions" VALUES(3,1,3);
INSERT INTO "auth_group_permissions" VALUES(4,1,4);
INSERT INTO "auth_group_permissions" VALUES(5,1,5);
INSERT INTO "auth_group_permissions" VALUES(6,1,6);
INSERT INTO "auth_group_permissions" VALUES(7,1,7);
INSERT INTO "auth_group_permissions" VALUES(8,1,8);
INSERT INTO "auth_group_permissions" VALUES(9,1,9);
INSERT INTO "auth_group_permissions" VALUES(10,1,10);
INSERT INTO "auth_group_permissions" VALUES(11,1,11);
INSERT INTO "auth_group_permissions" VALUES(12,1,12);
INSERT INTO "auth_group_permissions" VALUES(13,1,13);
INSERT INTO "auth_group_permissions" VALUES(14,1,14);
INSERT INTO "auth_group_permissions" VALUES(15,1,15);
INSERT INTO "auth_group_permissions" VALUES(16,1,16);
INSERT INTO "auth_group_permissions" VALUES(17,1,17);
INSERT INTO "auth_group_permissions" VALUES(18,1,18);
INSERT INTO "auth_group_permissions" VALUES(19,1,19);
INSERT INTO "auth_group_permissions" VALUES(20,1,20);
INSERT INTO "auth_group_permissions" VALUES(21,1,21);
INSERT INTO "auth_group_permissions" VALUES(22,1,22);
INSERT INTO "auth_group_permissions" VALUES(23,1,23);
INSERT INTO "auth_group_permissions" VALUES(24,1,24);
INSERT INTO "auth_group_permissions" VALUES(25,1,25);
INSERT INTO "auth_group_permissions" VALUES(26,1,26);
INSERT INTO "auth_group_permissions" VALUES(27,1,27);
INSERT INTO "auth_group_permissions" VALUES(28,1,28);
INSERT INTO "auth_group_permissions" VALUES(29,1,29);
INSERT INTO "auth_group_permissions" VALUES(30,1,30);
INSERT INTO "auth_group_permissions" VALUES(31,1,31);
INSERT INTO "auth_group_permissions" VALUES(32,1,32);
INSERT INTO "auth_group_permissions" VALUES(33,1,33);
INSERT INTO "auth_group_permissions" VALUES(34,2,32);
INSERT INTO "auth_group_permissions" VALUES(35,2,33);
INSERT INTO "auth_group_permissions" VALUES(36,2,22);
INSERT INTO "auth_group_permissions" VALUES(37,2,23);
INSERT INTO "auth_group_permissions" VALUES(38,2,24);
INSERT INTO "auth_group_permissions" VALUES(42,2,28);
INSERT INTO "auth_group_permissions" VALUES(43,2,29);
INSERT INTO "auth_group_permissions" VALUES(44,2,30);
INSERT INTO "auth_group_permissions" VALUES(45,2,31);
INSERT INTO "auth_group_permissions" VALUES(48,2,26);
INSERT INTO "auth_group_permissions" VALUES(49,2,20);
DROP TABLE IF EXISTS "auth_permission";
CREATE TABLE "auth_permission" ("id" integer NOT NULL PRIMARY KEY AUTOINCREMENT, "content_type_id" integer NOT NULL REFERENCES "django_content_type" ("id"), "codename" varchar(100) NOT NULL, "name" varchar(255) NOT NULL);
INSERT INTO "auth_permission" VALUES(1,1,'add_logentry','Can add log entry');
INSERT INTO "auth_permission" VALUES(2,1,'change_logentry','Can change log entry');
INSERT INTO "auth_permission" VALUES(3,1,'delete_logentry','Can delete log entry');
INSERT INTO "auth_permission" VALUES(4,2,'add_user','Can add user');
INSERT INTO "auth_permission" VALUES(5,2,'change_user','Can change user');
INSERT INTO "auth_permission" VALUES(6,2,'delete_user','Can delete user');
INSERT INTO "auth_permission" VALUES(7,3,'add_permission','Can add permission');
INSERT INTO "auth_permission" VALUES(8,3,'change_permission','Can change permission');
INSERT INTO "auth_permission" VALUES(9,3,'delete_permission','Can delete permission');
INSERT INTO "auth_permission" VALUES(10,4,'add_group','Can add group');
INSERT INTO "auth_permission" VALUES(11,4,'change_group','Can change group');
INSERT INTO "auth_permission" VALUES(12,4,'delete_group','Can delete group');
INSERT INTO "auth_permission" VALUES(13,5,'add_contenttype','Can add content type');
INSERT INTO "auth_permission" VALUES(14,5,'change_contenttype','Can change content type');
INSERT INTO "auth_permission" VALUES(15,5,'delete_contenttype','Can delete content type');
INSERT INTO "auth_permission" VALUES(16,6,'add_session','Can add session');
INSERT INTO "auth_permission" VALUES(17,6,'change_session','Can change session');
INSERT INTO "auth_permission" VALUES(18,6,'delete_session','Can delete session');
INSERT INTO "auth_permission" VALUES(19,7,'add_log','Can add log');
INSERT INTO "auth_permission" VALUES(20,7,'change_log','Can change log');
INSERT INTO "auth_permission" VALUES(21,7,'delete_log','Can delete log');
INSERT INTO "auth_permission" VALUES(22,8,'add_placaexpansaodigital','Can add placa expansao digital');
INSERT INTO "auth_permission" VALUES(23,8,'change_placaexpansaodigital','Can change placa expansao digital');
INSERT INTO "auth_permission" VALUES(24,8,'delete_placaexpansaodigital','Can delete placa expansao digital');
INSERT INTO "auth_permission" VALUES(25,9,'add_alarme','Can add alarme');
INSERT INTO "auth_permission" VALUES(26,9,'change_alarme','Can change alarme');
INSERT INTO "auth_permission" VALUES(27,9,'delete_alarme','Can delete alarme');
INSERT INTO "auth_permission" VALUES(28,10,'add_alarmetipo','Can add alarme tipo');
INSERT INTO "auth_permission" VALUES(29,10,'change_alarmetipo','Can change alarme tipo');
INSERT INTO "auth_permission" VALUES(30,10,'delete_alarmetipo','Can delete alarme tipo');
INSERT INTO "auth_permission" VALUES(31,11,'add_entradadigital','Can add entrada digital');
INSERT INTO "auth_permission" VALUES(32,11,'change_entradadigital','Can change entrada digital');
INSERT INTO "auth_permission" VALUES(33,11,'delete_entradadigital','Can delete entrada digital');
DROP TABLE IF EXISTS "auth_user";
CREATE TABLE "auth_user" ("id" integer NOT NULL PRIMARY KEY AUTOINCREMENT, "password" varchar(128) NOT NULL, "last_login" datetime NULL, "is_superuser" bool NOT NULL, "first_name" varchar(30) NOT NULL, "last_name" varchar(30) NOT NULL, "email" varchar(254) NOT NULL, "is_staff" bool NOT NULL, "is_active" bool NOT NULL, "date_joined" datetime NOT NULL, "username" varchar(150) NOT NULL UNIQUE);
INSERT INTO "auth_user" VALUES(1,'pbkdf2_sha256$30000$XOD1kB8WL4TI$/lxl+Eqhxg2b5dPerf4F9wbEAo+Y4adxnXCeg4aLbWA=','2017-01-30 14:15:52.354196',1,'Tiago','Possato','dev.tiago.possato@gmail.com',1,1,'2017-01-30 11:52:17','tiago');
INSERT INTO "auth_user" VALUES(2,'pbkdf2_sha256$30000$uaxbPDfncCKL$qf3RxamCDegMFYCLIw+2Nse1Y/qDEFj2uE3lV/74w5E=','2017-01-30 14:16:13.281587',0,'','','',1,1,'2017-01-30 12:02:14','mateus');
DROP TABLE IF EXISTS "auth_user_groups";
CREATE TABLE "auth_user_groups" ("id" integer NOT NULL PRIMARY KEY AUTOINCREMENT, "user_id" integer NOT NULL REFERENCES "auth_user" ("id"), "group_id" integer NOT NULL REFERENCES "auth_group" ("id"));
INSERT INTO "auth_user_groups" VALUES(1,2,2);
DROP TABLE IF EXISTS "auth_user_user_permissions";
CREATE TABLE "auth_user_user_permissions" ("id" integer NOT NULL PRIMARY KEY AUTOINCREMENT, "user_id" integer NOT NULL REFERENCES "auth_user" ("id"), "permission_id" integer NOT NULL REFERENCES "auth_permission" ("id"));

DROP TABLE IF EXISTS "django_content_type";
CREATE TABLE "django_content_type" ("id" integer NOT NULL PRIMARY KEY AUTOINCREMENT, "app_label" varchar(100) NOT NULL, "model" varchar(100) NOT NULL);
INSERT INTO "django_content_type" VALUES(1,'admin','logentry');
INSERT INTO "django_content_type" VALUES(2,'auth','user');
INSERT INTO "django_content_type" VALUES(3,'auth','permission');
INSERT INTO "django_content_type" VALUES(4,'auth','group');
INSERT INTO "django_content_type" VALUES(5,'contenttypes','contenttype');
INSERT INTO "django_content_type" VALUES(6,'sessions','session');
INSERT INTO "django_content_type" VALUES(7,'central','log');
INSERT INTO "django_content_type" VALUES(8,'central','placaexpansaodigital');
INSERT INTO "django_content_type" VALUES(9,'central','alarme');
INSERT INTO "django_content_type" VALUES(10,'central','alarmetipo');
INSERT INTO "django_content_type" VALUES(11,'central','entradadigital');

CREATE INDEX "auth_group_permissions_0e939a4f" ON "auth_group_permissions" ("group_id");
CREATE INDEX "auth_group_permissions_8373b171" ON "auth_group_permissions" ("permission_id");
CREATE UNIQUE INDEX "auth_group_permissions_group_id_0cd325b0_uniq" ON "auth_group_permissions" ("group_id", "permission_id");
CREATE INDEX "auth_permission_417f1b1c" ON "auth_permission" ("content_type_id");
CREATE UNIQUE INDEX "auth_permission_content_type_id_01ab375a_uniq" ON "auth_permission" ("content_type_id", "codename");
CREATE INDEX "auth_user_groups_0e939a4f" ON "auth_user_groups" ("group_id");
CREATE INDEX "auth_user_groups_e8701ad4" ON "auth_user_groups" ("user_id");
CREATE UNIQUE INDEX "auth_user_groups_user_id_94350c0c_uniq" ON "auth_user_groups" ("user_id", "group_id");
CREATE INDEX "auth_user_user_permissions_8373b171" ON "auth_user_user_permissions" ("permission_id");
CREATE INDEX "auth_user_user_permissions_e8701ad4" ON "auth_user_user_permissions" ("user_id");
CREATE UNIQUE INDEX "auth_user_user_permissions_user_id_14a6b632_uniq" ON "auth_user_user_permissions" ("user_id", "permission_id");
CREATE INDEX "central_alarme_aae94d79" ON "central_alarme" ("alarmeTipo_id");
CREATE INDEX "central_entradadigital_8ab4ace9" ON "central_entradadigital" ("placaExpansaoDigital_id");
CREATE INDEX "central_entradadigital_aae94d79" ON "central_entradadigital" ("alarmeTipo_id");
CREATE UNIQUE INDEX "central_entradadigital_placaExpansaoDigital_id_be21bf21_uniq" ON "central_entradadigital" ("placaExpansaoDigital_id", "numero");
CREATE INDEX "django_admin_log_417f1b1c" ON "django_admin_log" ("content_type_id");
CREATE INDEX "django_admin_log_e8701ad4" ON "django_admin_log" ("user_id");
CREATE UNIQUE INDEX "django_content_type_app_label_76bd3d3b_uniq" ON "django_content_type" ("app_label", "model");
CREATE INDEX "django_session_de54fa62" ON "django_session" ("expire_date");
